{
  "group": "high",
  "summary": {
    "total_stocks": 15,
    "successful_fits": 15,
    "failed_fits": 0
  },
  "branching_ratio": {
    "mean": 0.8998392840756464,
    "std": 0.03692481961028159,
    "min": 0.8360386917716471,
    "max": 0.9644603611048689,
    "median": 0.8966325194891017,
    "stable_count": 15
  },
  "decay": {
    "mean": 10.0,
    "std": 0.0,
    "min": 10.0,
    "max": 10.0
  },
  "gof": {
    "mean_pass_count": 3.533333333333333,
    "all_pass_count": 9,
    "gof_score_mean": 0.8620315812196074,
    "model_type": "time_varying_mu",
    "dim_0_gof_score_mean": 0.8570510686357979,
    "dim_0_wasserstein_mean": 0.43431957096548135,
    "dim_0_qq_mae_mean": 0.3645071047598726,
    "dim_0_mae_mean_mean": 0.012136415536122236,
    "dim_0_ljung_box_pass_ratio": 0.8666666666666667,
    "dim_1_gof_score_mean": 0.8714853987817632,
    "dim_1_wasserstein_mean": 0.328549556533409,
    "dim_1_qq_mae_mean": 0.27846859877496366,
    "dim_1_mae_mean_mean": 0.010334412216462549,
    "dim_1_ljung_box_pass_ratio": 0.8666666666666667,
    "dim_2_gof_score_mean": 0.8733355873020454,
    "dim_2_wasserstein_mean": 0.452360037336233,
    "dim_2_qq_mae_mean": 0.39403877495207296,
    "dim_2_mae_mean_mean": 0.011924623417503983,
    "dim_2_ljung_box_pass_ratio": 0.8666666666666667,
    "dim_3_gof_score_mean": 0.8462542701588235,
    "dim_3_wasserstein_mean": 0.3838353622513853,
    "dim_3_qq_mae_mean": 0.33140933634068565,
    "dim_3_mae_mean_mean": 0.009841297038909576,
    "dim_3_ljung_box_pass_ratio": 0.9333333333333333,
    "gamma_open_mean": [
      0.7191925301818378,
      0.6073132503735105,
      0.6779825703714977,
      0.5805822815850623
    ],
    "gamma_open_std": [
      0.13623378962622457,
      0.16535545361859866,
      0.13234018068566536,
      0.1504348928784818
    ],
    "gamma_mid_mean": [
      -0.05191956086987716,
      -0.0053428261409007305,
      -0.030772750516649915,
      -0.028265699162738037
    ],
    "gamma_mid_std": [
      0.08580887706328882,
      0.07473982577928648,
      0.0883340340455548,
      0.06982240505970246
    ],
    "gamma_close_mean": [
      0.04424770092043162,
      0.13857772815638897,
      -0.010520255335049687,
      0.08072957667461893
    ],
    "gamma_close_std": [
      0.10635517844278629,
      0.09724217748005912,
      0.08564219634765895,
      0.06028957527567388
    ]
  },
  "mu_mean": [
    0.054071151937813075,
    0.0830758424284245,
    0.05064448296783645,
    0.06890695599168747
  ],
  "mu_std": [
    0.027314079965931656,
    0.03764150012278283,
    0.020004125963561582,
    0.01817449725638712
  ],
  "A_mean": [
    [
      0.8850648819063535,
      0.00010246760454961902,
      0.0,
      0.003362166822508571
    ],
    [
      0.013833747913457317,
      0.8293533067364026,
      0.002605746754022581,
      8.590675292223592e-06
    ],
    [
      0.0,
      0.0033963050471828393,
      0.8849030387180256,
      0.0022360451630949597
    ],
    [
      0.0019091973276229878,
      0.0,
      0.017996271434974252,
      0.8499546133292105
    ]
  ],
  "aic": {
    "mean": -29.72352709832007,
    "std": 37.8073974422712
  }
}