{
  "group": "low",
  "summary": {
    "total_stocks": 15,
    "successful_fits": 15,
    "failed_fits": 0
  },
  "branching_ratio": {
    "mean": 0.9618813319253925,
    "std": 0.009338180616256147,
    "min": 0.9455070882587324,
    "max": 0.980614393686514,
    "median": 0.965115035189225,
    "stable_count": 15
  },
  "decay": {
    "mean": 50.0,
    "std": 0.0,
    "min": 50.0,
    "max": 50.0
  },
  "gof": {
    "mean_pass_count": 1.7333333333333334,
    "all_pass_count": 0,
    "gof_score_mean": 0.7582474100512921,
    "model_type": "constant_mu_per_day",
    "dim_0_gof_score_mean": 0.6806493653062122,
    "dim_0_wasserstein_mean": 0.9775101556057657,
    "dim_0_qq_mae_mean": 0.6934501686993554,
    "dim_0_mae_mean_mean": 0.33990164283593083,
    "dim_0_ljung_box_pass_ratio": 0.8,
    "dim_0_per_day_not_reject_ratio_mean": 0.0,
    "dim_1_gof_score_mean": 0.8494138913023711,
    "dim_1_wasserstein_mean": 0.30120288560631275,
    "dim_1_qq_mae_mean": 0.24350573962608368,
    "dim_1_mae_mean_mean": 0.09847852251392375,
    "dim_1_ljung_box_pass_ratio": 0.8,
    "dim_1_per_day_not_reject_ratio_mean": 0.0,
    "dim_2_gof_score_mean": 0.6606700729505589,
    "dim_2_wasserstein_mean": 1.0672766760230918,
    "dim_2_qq_mae_mean": 0.7634885797868717,
    "dim_2_mae_mean_mean": 0.3925808020038732,
    "dim_2_ljung_box_pass_ratio": 0.7333333333333333,
    "dim_2_per_day_not_reject_ratio_mean": 0.0,
    "dim_3_gof_score_mean": 0.842256310646027,
    "dim_3_wasserstein_mean": 0.37690904928945923,
    "dim_3_qq_mae_mean": 0.29050693547921785,
    "dim_3_mae_mean_mean": 0.10158094927298067,
    "dim_3_ljung_box_pass_ratio": 0.8666666666666667,
    "dim_3_per_day_not_reject_ratio_mean": 0.0,
    "gamma_open_mean": [
      0.7533741991980303,
      0.3004333907793508,
      0.9094508600534679,
      0.39423744400981625
    ],
    "gamma_open_std": [
      0.1985210158276048,
      0.15032747393135623,
      0.19842034728985736,
      0.14151252981866932
    ],
    "gamma_mid_mean": [
      -0.012408960416613062,
      0.011924978587360692,
      -0.07597921655965899,
      -0.020185497920389164
    ],
    "gamma_mid_std": [
      0.27441302817393964,
      0.05382670349221987,
      0.18385613038611423,
      0.06517459979502437
    ],
    "gamma_close_mean": [
      -0.06192441455129383,
      0.18443632774541294,
      -0.13190195279749586,
      0.11750718068618539
    ],
    "gamma_close_std": [
      0.16266350144828434,
      0.09097882109998136,
      0.1502041075314925,
      0.05282445827502018
    ]
  },
  "gamma_spread": {
    "mean": [
      177.3258214647498,
      454.7795229749053,
      107.65144229898603,
      644.7991653502042
    ],
    "std": [
      179.3789440768617,
      328.37404697039057,
      73.7615567215909,
      351.17263607764374
    ]
  }
}