{
  "group": "low",
  "model": "C",
  "n_stocks": 15,
  "n_success": 15,
  "n_fail": 0,
  "branching_ratio": {
    "mean": 0.7187522067602463,
    "std": 0.03459110764221679,
    "min": 0.6672120916464177,
    "max": 0.7943358710427145,
    "all_stable": true
  },
  "beta": {
    "mean": 50.0,
    "std": 0.0
  },
  "gof": {
    "score_mean": 0.8335357584727083,
    "all_pass_count": 8
  },
  "mu_mean": [
    0.053668486162138554,
    0.342145457623686,
    0.042908182139085885,
    0.28937343192472453
  ],
  "A_mean": [
    [
      0.6918038027978838,
      6.40650572084667e-20,
      3.630649702916922e-28,
      2.335088576130316e-05
    ],
    [
      0.001485021859919538,
      0.3949549314632503,
      2.991908485943393e-05,
      1.7980107256636285e-06
    ],
    [
      5.316218402651933e-19,
      0.00179662318791359,
      0.7092972362356936,
      1.040263533209351e-21
    ],
    [
      0.003182579304446808,
      0.005785334426056278,
      0.0019013494675146432,
      0.4753712152670228
    ]
  ],
  "gamma_open_mean": [
    0.7533741991980303,
    0.3004333907793508,
    0.9094508600534679,
    0.39423744400981625
  ],
  "gamma_mid_mean": [
    -0.012408960416613062,
    0.011924978587360692,
    -0.07597921655965899,
    -0.020185497920389164
  ],
  "gamma_close_mean": [
    -0.06192441455129383,
    0.18443632774541294,
    -0.13190195279749586,
    0.11750718068618539
  ],
  "gof_dim_0": {
    "score_mean": 0.77847764846549,
    "w1_mean": 0.8773137571521896,
    "mae_mean_mean": 0.009837147970946732
  },
  "gof_dim_1": {
    "score_mean": 0.8839974250991657,
    "w1_mean": 0.2385995610934672,
    "mae_mean_mean": 0.009905721030124342
  },
  "gof_dim_2": {
    "score_mean": 0.7975447413632134,
    "w1_mean": 0.9159440958330354,
    "mae_mean_mean": 0.009655679804716192
  },
  "gof_dim_3": {
    "score_mean": 0.874123218962964,
    "w1_mean": 0.31094276613313704,
    "mae_mean_mean": 0.0100134083255852
  }
}