{
  "group": "high",
  "model": "B",
  "n_stocks": 15,
  "n_success": 15,
  "n_fail": 0,
  "branching_ratio": {
    "mean": 0.6521075374423841,
    "std": 0.04897598469434546,
    "min": 0.5385504139832534,
    "max": 0.7552337053873366,
    "all_stable": true
  },
  "beta": {
    "mean": 10.0,
    "std": 0.0
  },
  "gof": {
    "score_mean": 0.8587576937018404,
    "all_pass_count": 8
  },
  "mu_mean": [
    0.1557220853683485,
    0.220191573809492,
    0.14843728760522207,
    0.2078010653668759
  ],
  "A_mean": [
    [
      0.6347311373770533,
      3.7961131058762723e-20,
      2.315389236467801e-23,
      0.01617143375575254
    ],
    [
      0.0017132338196699946,
      0.553750137711355,
      0.015323040768520963,
      5.9457991247518685e-06
    ],
    [
      3.084347148481352e-22,
      0.02604960672401054,
      0.6346383069454292,
      5.651369639786888e-21
    ],
    [
      0.026277296764294522,
      6.539887981293319e-05,
      0.0031377948566093006,
      0.5767850317602051
    ]
  ],
  "gamma_open_mean": [
    0.7191925301818378,
    0.6073132503735105,
    0.6779825703714977,
    0.5805822815850623
  ],
  "gamma_mid_mean": [
    -0.05191956086987716,
    -0.0053428261409007305,
    -0.030772750516649915,
    -0.028265699162738037
  ],
  "gamma_close_mean": [
    0.04424770092043162,
    0.13857772815638897,
    -0.010520255335049687,
    0.08072957667461893
  ],
  "gof_dim_0": {
    "score_mean": 0.8327045072116375,
    "w1_mean": 0.5316309405622068,
    "mae_mean_mean": 0.000505899833508668
  },
  "gof_dim_1": {
    "score_mean": 0.8841728252542702,
    "w1_mean": 0.3778532874285327,
    "mae_mean_mean": 0.0005213838453308621
  },
  "gof_dim_2": {
    "score_mean": 0.8390582112265151,
    "w1_mean": 0.549569202326818,
    "mae_mean_mean": 0.0005877604300271955
  },
  "gof_dim_3": {
    "score_mean": 0.8790952311149386,
    "w1_mean": 0.41667202014511745,
    "mae_mean_mean": 0.00022476196923966186
  }
}