{
  "high": {
    "n_stocks": 15,
    "br_mean": 0.5693337781355484,
    "br_std": 0.04440826132669274,
    "gof_mean": 0.8556260085222769,
    "all_pass": 9,
    "beta_mean": 50.0
  },
  "mid": {
    "n_stocks": 15,
    "br_mean": 0.6362368003757815,
    "br_std": 0.039221529653912894,
    "gof_mean": 0.8371584264812949,
    "all_pass": 8,
    "beta_mean": 50.0
  },
  "low": {
    "n_stocks": 15,
    "br_mean": 0.7187522067602463,
    "br_std": 0.03459110764221679,
    "gof_mean": 0.8335357584727083,
    "all_pass": 8,
    "beta_mean": 50.0
  }
}