{
  "group": "low",
  "summary": {
    "total_stocks": 16,
    "successful_fits": 15,
    "failed_fits": 1
  },
  "branching_ratio": {
    "mean": 0.9686564099216773,
    "std": 0.008810491250171228,
    "min": 0.9532149374328656,
    "max": 0.9870178403241242,
    "median": 0.9707306387876308,
    "stable_count": 15
  },
  "decay": {
    "mean": 10.0,
    "std": 0.0,
    "min": 10.0,
    "max": 10.0
  },
  "gof": {
    "mean_pass_count": 3.4,
    "all_pass_count": 7,
    "gof_score_mean": 0.8421459540257826,
    "model_type": "constant_mu",
    "dim_0_gof_score_mean": 0.7963688932591615,
    "dim_0_wasserstein_mean": 0.8199299626872694,
    "dim_0_qq_mae_mean": 0.6187415881509563,
    "dim_0_mae_mean_mean": 0.03573044568700858,
    "dim_0_ljung_box_pass_ratio": 0.8,
    "dim_0_per_day_not_reject_ratio_mean": 0.0,
    "dim_1_gof_score_mean": 0.8861614410487911,
    "dim_1_wasserstein_mean": 0.34207157562925306,
    "dim_1_qq_mae_mean": 0.27273467070139346,
    "dim_1_mae_mean_mean": 0.011540788000251379,
    "dim_1_ljung_box_pass_ratio": 0.8666666666666667,
    "dim_1_per_day_not_reject_ratio_mean": 0.0,
    "dim_2_gof_score_mean": 0.8118099935103463,
    "dim_2_wasserstein_mean": 0.8285308647091957,
    "dim_2_qq_mae_mean": 0.6542390333152197,
    "dim_2_mae_mean_mean": 0.03890012769448362,
    "dim_2_ljung_box_pass_ratio": 0.8666666666666667,
    "dim_2_per_day_not_reject_ratio_mean": 0.0,
    "dim_3_gof_score_mean": 0.8742434882848321,
    "dim_3_wasserstein_mean": 0.4297559847995354,
    "dim_3_qq_mae_mean": 0.3283716715570446,
    "dim_3_mae_mean_mean": 0.011876640133384712,
    "dim_3_ljung_box_pass_ratio": 0.8666666666666667,
    "dim_3_per_day_not_reject_ratio_mean": 0.0
  }
}