{
  "group": "mid",
  "model": "C",
  "n_stocks": 15,
  "n_success": 15,
  "n_fail": 0,
  "branching_ratio": {
    "mean": 0.6362368003757815,
    "std": 0.039221529653912894,
    "min": 0.5730823369798503,
    "max": 0.7107174071154548,
    "all_stable": true
  },
  "beta": {
    "mean": 50.0,
    "std": 0.0
  },
  "gof": {
    "score_mean": 0.8371584264812949,
    "all_pass_count": 8
  },
  "mu_mean": [
    0.222251232315289,
    0.3670958693053962,
    0.20603809680541632,
    0.3432647401348782
  ],
  "A_mean": [
    [
      0.6266197853500807,
      1.1428417286877173e-19,
      7.086198067167301e-27,
      0.0004115503034817452
    ],
    [
      0.005094014679893467,
      0.5154273388517016,
      0.0003396921407182203,
      4.707389234047208e-07
    ],
    [
      3.0868573397640136e-22,
      0.010870080684615032,
      0.6202242595204731,
      5.001488794206807e-20
    ],
    [
      0.01283776808817713,
      0.0017535525378924379,
      0.00712736044211269,
      0.5443643860160966
    ]
  ],
  "gamma_open_mean": [
    0.7402708706547095,
    0.5671038886793592,
    0.7844175832721075,
    0.5208025079620042
  ],
  "gamma_mid_mean": [
    0.025738969592519083,
    0.0062090286288799664,
    -0.04705443759372033,
    0.006407529846640049
  ],
  "gamma_close_mean": [
    -0.03006267717025706,
    0.13407325585762392,
    0.021931784153832443,
    0.05835202741587626
  ],
  "gof_dim_0": {
    "score_mean": 0.8056612900773245,
    "w1_mean": 0.6909525860260503,
    "mae_mean_mean": 0.01000566912119769
  },
  "gof_dim_1": {
    "score_mean": 0.8517680025333328,
    "w1_mean": 0.4202966351243441,
    "mae_mean_mean": 0.009605865761908397
  },
  "gof_dim_2": {
    "score_mean": 0.8203451519839611,
    "w1_mean": 0.665210405280464,
    "mae_mean_mean": 0.00974170702289679
  },
  "gof_dim_3": {
    "score_mean": 0.8708592613305608,
    "w1_mean": 0.44306491850761204,
    "mae_mean_mean": 0.009864322084849804
  }
}