{
  "high": {
    "n_stocks": 15,
    "br_mean": 0.6521075374423841,
    "br_std": 0.04897598469434546,
    "gof_mean": 0.8587576937018404,
    "all_pass": 8,
    "beta_mean": 10.0
  },
  "mid": {
    "n_stocks": 15,
    "br_mean": 0.7301447741824899,
    "br_std": 0.0492012522328739,
    "gof_mean": 0.8381028029736937,
    "all_pass": 8,
    "beta_mean": 10.0
  },
  "low": {
    "n_stocks": 15,
    "br_mean": 0.801303138319753,
    "br_std": 0.03319911956195227,
    "gof_mean": 0.8440172763814755,
    "all_pass": 12,
    "beta_mean": 10.0
  }
}