{
  "group": "low",
  "model": "B",
  "n_stocks": 15,
  "n_success": 15,
  "n_fail": 0,
  "branching_ratio": {
    "mean": 0.801303138319753,
    "std": 0.03319911956195227,
    "min": 0.7536207716280108,
    "max": 0.8773875291447308,
    "all_stable": true
  },
  "beta": {
    "mean": 10.0,
    "std": 0.0
  },
  "gof": {
    "score_mean": 0.8440172763814755,
    "all_pass_count": 12
  },
  "mu_mean": [
    0.03553763042842347,
    0.30849524452732363,
    0.029378877762279577,
    0.2616505616877711
  ],
  "A_mean": [
    [
      0.7868829465695398,
      2.0145398403989575e-22,
      2.4612114578843716e-27,
      0.0009911007406526932
    ],
    [
      1.6084404285919325e-06,
      0.45146648277117235,
      0.0015837695518467164,
      0.0003981414631974628
    ],
    [
      1.780853770980065e-17,
      0.002084307624782468,
      0.7922951919029513,
      2.331451512027964e-25
    ],
    [
      0.003180126495905865,
      0.004074963582838913,
      1.3634584459184224e-05,
      0.5247609181621875
    ]
  ],
  "gamma_open_mean": [
    0.7533741991980303,
    0.3004333907793508,
    0.9094508600534679,
    0.39423744400981625
  ],
  "gamma_mid_mean": [
    -0.012408960416613062,
    0.011924978587360692,
    -0.07597921655965899,
    -0.020185497920389164
  ],
  "gamma_close_mean": [
    -0.06192441455129383,
    0.18443632774541294,
    -0.13190195279749586,
    0.11750718068618539
  ],
  "gof_dim_0": {
    "score_mean": 0.8157374900433925,
    "w1_mean": 0.8657833183487421,
    "mae_mean_mean": 0.0006250965889729917
  },
  "gof_dim_1": {
    "score_mean": 0.8825786540916345,
    "w1_mean": 0.2304971945122545,
    "mae_mean_mean": 0.0012017748611878579
  },
  "gof_dim_2": {
    "score_mean": 0.7958493005831094,
    "w1_mean": 0.9155208344874227,
    "mae_mean_mean": 0.000489722823072114
  },
  "gof_dim_3": {
    "score_mean": 0.8819036608077655,
    "w1_mean": 0.3193767502128726,
    "mae_mean_mean": 0.0004275514431907249
  }
}