{
  "group": "low",
  "summary": {
    "total_stocks": 15,
    "successful_fits": 15,
    "failed_fits": 0
  },
  "branching_ratio": {
    "mean": 0.9686564099216773,
    "std": 0.008810491250171228,
    "min": 0.9532149374328656,
    "max": 0.9870178403241242,
    "median": 0.9707306387876308,
    "stable_count": 15
  },
  "decay": {
    "mean": 10.0,
    "std": 0.0,
    "min": 10.0,
    "max": 10.0
  },
  "gof": {
    "mean_pass_count": 3.466666666666667,
    "all_pass_count": 8,
    "gof_score_mean": 0.8533808574085539,
    "model_type": "time_varying_mu",
    "dim_0_gof_score_mean": 0.8212490340879073,
    "dim_0_wasserstein_mean": 0.7888388628465524,
    "dim_0_qq_mae_mean": 0.6221323532705193,
    "dim_0_mae_mean_mean": 0.03545838154354783,
    "dim_0_ljung_box_pass_ratio": 0.9333333333333333,
    "dim_1_gof_score_mean": 0.9091212223559355,
    "dim_1_wasserstein_mean": 0.3417131379664288,
    "dim_1_qq_mae_mean": 0.27423599239712537,
    "dim_1_mae_mean_mean": 0.011598479569956426,
    "dim_1_ljung_box_pass_ratio": 0.9333333333333333,
    "dim_2_gof_score_mean": 0.8009678476360939,
    "dim_2_wasserstein_mean": 0.8599372799201139,
    "dim_2_qq_mae_mean": 0.6581443781642228,
    "dim_2_mae_mean_mean": 0.040440390720549176,
    "dim_2_ljung_box_pass_ratio": 0.6666666666666666,
    "dim_3_gof_score_mean": 0.8821853255542786,
    "dim_3_wasserstein_mean": 0.41410883512542235,
    "dim_3_qq_mae_mean": 0.32990320152999936,
    "dim_3_mae_mean_mean": 0.012054463523972835,
    "dim_3_ljung_box_pass_ratio": 0.9333333333333333,
    "gamma_open_mean": [
      0.7533741991980303,
      0.3004333907793508,
      0.9094508600534679,
      0.39423744400981625
    ],
    "gamma_open_std": [
      0.1985210158276048,
      0.15032747393135623,
      0.19842034728985736,
      0.14151252981866932
    ],
    "gamma_mid_mean": [
      -0.012408960416613062,
      0.011924978587360692,
      -0.07597921655965899,
      -0.020185497920389164
    ],
    "gamma_mid_std": [
      0.27441302817393964,
      0.05382670349221987,
      0.18385613038611423,
      0.06517459979502437
    ],
    "gamma_close_mean": [
      -0.06192441455129383,
      0.18443632774541294,
      -0.13190195279749586,
      0.11750718068618539
    ],
    "gamma_close_std": [
      0.16266350144828434,
      0.09097882109998136,
      0.1502041075314925,
      0.05282445827502018
    ]
  },
  "mu_mean": [
    0.011593333728671084,
    0.07028308872093134,
    0.011415743312109105,
    0.05148926589930484
  ],
  "mu_std": [
    0.012829485835576835,
    0.016300766935492608,
    0.013269725246249829,
    0.021635558005948057
  ],
  "A_mean": [
    [
      0.9666697283213301,
      0.00033525484750338084,
      6.799280817860147e-07,
      0.0004597211596395169
    ],
    [
      0.0041754551166321395,
      0.8812069582196209,
      0.0006164221171650479,
      0.0002207727828825168
    ],
    [
      1.5898065089945122e-07,
      0.0005993553939131339,
      0.9638839124926805,
      6.45363746385557e-05
    ],
    [
      0.00018318460009476929,
      0.0004998965856158808,
      0.013027774314661527,
      0.9140661356584814
    ]
  ],
  "aic": {
    "mean": -92.82491277223968,
    "std": 41.693344900319964
  }
}