{
  "group": "high",
  "model": "A",
  "n_stocks": 15,
  "n_success": 15,
  "n_fail": 0,
  "branching_ratio": {
    "mean": 0.6521075374423841,
    "std": 0.04897598469434546,
    "min": 0.5385504139832534,
    "max": 0.7552337053873366,
    "all_stable": true
  },
  "beta": {
    "mean": 10.0,
    "std": 0.0
  },
  "gof": {
    "score_mean": 0.8517417398194372,
    "all_pass_count": 7
  },
  "mu_mean": [
    0.1557220853683485,
    0.220191573809492,
    0.14843728760522207,
    0.2078010653668759
  ],
  "A_mean": [
    [
      0.6347311373770533,
      3.7961131058762723e-20,
      2.315389236467801e-23,
      0.01617143375575254
    ],
    [
      0.0017132338196699946,
      0.553750137711355,
      0.015323040768520963,
      5.9457991247518685e-06
    ],
    [
      3.084347148481352e-22,
      0.02604960672401054,
      0.6346383069454292,
      5.651369639786888e-21
    ],
    [
      0.026277296764294522,
      6.539887981293319e-05,
      0.0031377948566093006,
      0.5767850317602051
    ]
  ],
  "gof_dim_0": {
    "score_mean": 0.8224415812185906,
    "w1_mean": 0.5328496680519985,
    "mae_mean_mean": 4.2632058044178575e-05
  },
  "gof_dim_1": {
    "score_mean": 0.8727704201268995,
    "w1_mean": 0.37914760972588174,
    "mae_mean_mean": 6.439376241006804e-05
  },
  "gof_dim_2": {
    "score_mean": 0.8399902783765604,
    "w1_mean": 0.5519267352738259,
    "mae_mean_mean": 8.490373668789501e-05
  },
  "gof_dim_3": {
    "score_mean": 0.8717646795556989,
    "w1_mean": 0.4188488690860303,
    "mae_mean_mean": 3.0072474899907792e-05
  }
}