{
  "group": "mid",
  "model": "A",
  "n_stocks": 15,
  "n_success": 15,
  "n_fail": 0,
  "branching_ratio": {
    "mean": 0.7301447741824899,
    "std": 0.0492012522328739,
    "min": 0.6640688842018796,
    "max": 0.8328290120149369,
    "all_stable": true
  },
  "beta": {
    "mean": 10.0,
    "std": 0.0
  },
  "gof": {
    "score_mean": 0.8350452678642317,
    "all_pass_count": 7
  },
  "mu_mean": [
    0.14521588735345636,
    0.2878308324595628,
    0.1393945045311706,
    0.27592914287756615
  ],
  "A_mean": [
    [
      0.7237440482069997,
      4.85062261588145e-21,
      4.297726829944265e-26,
      0.01018511143990652
    ],
    [
      0.00013898687080776456,
      0.5928559356067175,
      0.01117767812840968,
      9.202006202888523e-05
    ],
    [
      1.1679816184722008e-25,
      0.01756777500002543,
      0.7118037294461199,
      2.865450248490865e-20
    ],
    [
      0.018792581508701403,
      0.0009737125694903921,
      0.00072548157406662,
      0.6137201085054167
    ]
  ],
  "gof_dim_0": {
    "score_mean": 0.8026660649917189,
    "w1_mean": 0.6797482028538818,
    "mae_mean_mean": 0.0002501209364697443
  },
  "gof_dim_1": {
    "score_mean": 0.8565557423252949,
    "w1_mean": 0.4060791787219663,
    "mae_mean_mean": 2.00857322151989e-05
  },
  "gof_dim_2": {
    "score_mean": 0.8214367718759964,
    "w1_mean": 0.6494831812868659,
    "mae_mean_mean": 6.417132961510734e-05
  },
  "gof_dim_3": {
    "score_mean": 0.8595224922639172,
    "w1_mean": 0.44272344346169207,
    "mae_mean_mean": 3.751813554784267e-05
  }
}