{
  "group": "high",
  "summary": {
    "total_stocks": 15,
    "successful_fits": 15,
    "failed_fits": 0
  },
  "branching_ratio": {
    "mean": 0.88220649368295,
    "std": 0.03866157149882255,
    "min": 0.8133439929583649,
    "max": 0.952330407085749,
    "median": 0.8859365119286048,
    "stable_count": 15
  },
  "decay": {
    "mean": 50.0,
    "std": 0.0,
    "min": 50.0,
    "max": 50.0
  },
  "gof": {
    "mean_pass_count": 3.2,
    "all_pass_count": 7,
    "gof_score_mean": 0.8306888966569953,
    "model_type": "constant_mu_per_day",
    "dim_0_gof_score_mean": 0.8223683138142989,
    "dim_0_wasserstein_mean": 0.4310683563067504,
    "dim_0_qq_mae_mean": 0.3706432962425037,
    "dim_0_mae_mean_mean": 0.07430322701279592,
    "dim_0_ljung_box_pass_ratio": 0.8,
    "dim_0_per_day_not_reject_ratio_mean": 0.0,
    "dim_1_gof_score_mean": 0.8496775900247818,
    "dim_1_wasserstein_mean": 0.3295555206920568,
    "dim_1_qq_mae_mean": 0.2802635254308266,
    "dim_1_mae_mean_mean": 0.06171606949600125,
    "dim_1_ljung_box_pass_ratio": 0.9333333333333333,
    "dim_1_per_day_not_reject_ratio_mean": 0.0,
    "dim_2_gof_score_mean": 0.8176126989821919,
    "dim_2_wasserstein_mean": 0.4676752226554575,
    "dim_2_qq_mae_mean": 0.39419603636257144,
    "dim_2_mae_mean_mean": 0.07359913404737606,
    "dim_2_ljung_box_pass_ratio": 0.8,
    "dim_2_per_day_not_reject_ratio_mean": 0.0,
    "dim_3_gof_score_mean": 0.833096983806709,
    "dim_3_wasserstein_mean": 0.38067177354287524,
    "dim_3_qq_mae_mean": 0.32271438695185417,
    "dim_3_mae_mean_mean": 0.06118608096024976,
    "dim_3_ljung_box_pass_ratio": 0.8666666666666667,
    "dim_3_per_day_not_reject_ratio_mean": 0.0,
    "gamma_open_mean": [
      0.7191925301818378,
      0.6073132503735105,
      0.6779825703714977,
      0.5805822815850623
    ],
    "gamma_open_std": [
      0.13623378962622457,
      0.16535545361859866,
      0.13234018068566536,
      0.1504348928784818
    ],
    "gamma_mid_mean": [
      -0.05191956086987716,
      -0.0053428261409007305,
      -0.030772750516649915,
      -0.028265699162738037
    ],
    "gamma_mid_std": [
      0.08580887706328882,
      0.07473982577928648,
      0.0883340340455548,
      0.06982240505970246
    ],
    "gamma_close_mean": [
      0.04424770092043162,
      0.13857772815638897,
      -0.010520255335049687,
      0.08072957667461893
    ],
    "gamma_close_std": [
      0.10635517844278629,
      0.09724217748005912,
      0.08564219634765895,
      0.06028957527567388
    ]
  },
  "gamma_spread": {
    "mean": [
      16.119334215392254,
      40.91066117509467,
      19.513572088034227,
      43.53956362854728
    ],
    "std": [
      18.941837505472453,
      76.12544593441345,
      27.897603498297123,
      98.3361550363741
    ]
  }
}