{
  "group": "mid",
  "summary": {
    "total_stocks": 15,
    "successful_fits": 15,
    "failed_fits": 0
  },
  "branching_ratio": {
    "mean": 0.9436127057016067,
    "std": 0.020019465165846916,
    "min": 0.9130652695248006,
    "max": 0.980147450611814,
    "median": 0.9426425506728454,
    "stable_count": 15
  },
  "decay": {
    "mean": 10.0,
    "std": 0.0,
    "min": 10.0,
    "max": 10.0
  },
  "gof": {
    "mean_pass_count": 3.533333333333333,
    "all_pass_count": 8,
    "gof_score_mean": 0.8470889206305756,
    "model_type": "time_varying_mu",
    "dim_0_gof_score_mean": 0.8469917391218643,
    "dim_0_wasserstein_mean": 0.6079090823623692,
    "dim_0_qq_mae_mean": 0.49502116701393767,
    "dim_0_mae_mean_mean": 0.028676403781279187,
    "dim_0_ljung_box_pass_ratio": 0.9333333333333333,
    "dim_1_gof_score_mean": 0.8827023073057385,
    "dim_1_wasserstein_mean": 0.4167199811122783,
    "dim_1_qq_mae_mean": 0.33987247488860123,
    "dim_1_mae_mean_mean": 0.023512694246918982,
    "dim_1_ljung_box_pass_ratio": 0.9333333333333333,
    "dim_2_gof_score_mean": 0.8472904807396076,
    "dim_2_wasserstein_mean": 0.5929431252038323,
    "dim_2_qq_mae_mean": 0.5024837597397317,
    "dim_2_mae_mean_mean": 0.030502700027498768,
    "dim_2_ljung_box_pass_ratio": 0.9333333333333333,
    "dim_3_gof_score_mean": 0.8113711553550927,
    "dim_3_wasserstein_mean": 0.45460313366349736,
    "dim_3_qq_mae_mean": 0.3862365963817486,
    "dim_3_mae_mean_mean": 0.024063965680246668,
    "dim_3_ljung_box_pass_ratio": 0.7333333333333333,
    "gamma_open_mean": [
      0.7402708706547095,
      0.5671038886793592,
      0.7844175832721075,
      0.5208025079620042
    ],
    "gamma_open_std": [
      0.11221562751953132,
      0.17314768220897198,
      0.12329445213251788,
      0.1966650829830459
    ],
    "gamma_mid_mean": [
      0.025738969592519083,
      0.0062090286288799664,
      -0.04705443759372033,
      0.006407529846640049
    ],
    "gamma_mid_std": [
      0.1475793571934365,
      0.1148418436545833,
      0.17270250267080814,
      0.11748309967127311
    ],
    "gamma_close_mean": [
      -0.03006267717025706,
      0.13407325585762392,
      0.021931784153832443,
      0.05835202741587626
    ],
    "gamma_close_std": [
      0.1463857160833003,
      0.08809240892521089,
      0.13529535141135285,
      0.09581779699949748
    ]
  },
  "mu_mean": [
    0.05710200346417853,
    0.09460677847179176,
    0.06602729914703236,
    0.08599114688258179
  ],
  "mu_std": [
    0.05584524387261463,
    0.05775933729272395,
    0.058996368394916905,
    0.05249757801228686
  ],
  "A_mean": [
    [
      0.9421930728078673,
      0.00015564049302051517,
      0.0,
      0.0016285724988328735
    ],
    [
      0.014266989501088111,
      0.8922959278590624,
      0.0007286700254505005,
      0.00015176355454583201
    ],
    [
      0.0,
      0.0016802888052314115,
      0.9228969939499839,
      0.0
    ],
    [
      0.0004263818653602916,
      0.00017817895908819198,
      0.023518734813149943,
      0.9018509740961597
    ]
  ],
  "aic": {
    "mean": -83.36633696246135,
    "std": 60.19937828548514
  }
}