{
  "high": {
    "n_stocks": 15,
    "br_mean": 0.6521075374423841,
    "br_std": 0.04897598469434546,
    "gof_mean": 0.8517417398194372,
    "all_pass": 7,
    "beta_mean": 10.0
  },
  "mid": {
    "n_stocks": 15,
    "br_mean": 0.7301447741824899,
    "br_std": 0.0492012522328739,
    "gof_mean": 0.8350452678642317,
    "all_pass": 7,
    "beta_mean": 10.0
  },
  "low": {
    "n_stocks": 15,
    "br_mean": 0.801303138319753,
    "br_std": 0.03319911956195227,
    "gof_mean": 0.8424906916364611,
    "all_pass": 8,
    "beta_mean": 10.0
  }
}