{
  "group": "high",
  "model": "C",
  "n_stocks": 15,
  "n_success": 15,
  "n_fail": 0,
  "branching_ratio": {
    "mean": 0.5693337781355484,
    "std": 0.04440826132669274,
    "min": 0.4576397069519462,
    "max": 0.6614652431320025,
    "all_stable": true
  },
  "beta": {
    "mean": 50.0,
    "std": 0.0
  },
  "gof": {
    "score_mean": 0.8556260085222769,
    "all_pass_count": 9
  },
  "mu_mean": [
    0.20859401589602344,
    0.26759656714506097,
    0.19291866734757407,
    0.24725878645986837
  ],
  "A_mean": [
    [
      0.5482580482945971,
      7.346195687792332e-17,
      8.951916189641807e-27,
      0.0005689286859043113
    ],
    [
      0.010645550588112127,
      0.47951750768675594,
      0.00046527867892355807,
      2.463492048514859e-08
    ],
    [
      1.1016870472888573e-19,
      0.012808879355577058,
      0.560457069111602,
      5.788866624398557e-17
    ],
    [
      0.013850622564485599,
      0.0002957215670338822,
      0.012631759064698107,
      0.5141431414120675
    ]
  ],
  "gamma_open_mean": [
    0.7191925301818378,
    0.6073132503735105,
    0.6779825703714977,
    0.5805822815850623
  ],
  "gamma_mid_mean": [
    -0.05191956086987716,
    -0.0053428261409007305,
    -0.030772750516649915,
    -0.028265699162738037
  ],
  "gamma_close_mean": [
    0.04424770092043162,
    0.13857772815638897,
    -0.010520255335049687,
    0.08072957667461893
  ],
  "gof_dim_0": {
    "score_mean": 0.8267206020372203,
    "w1_mean": 0.5671051408438611,
    "mae_mean_mean": 0.010337384823021267
  },
  "gof_dim_1": {
    "score_mean": 0.8874958786055508,
    "w1_mean": 0.41094553228573927,
    "mae_mean_mean": 0.00924324309989082
  },
  "gof_dim_2": {
    "score_mean": 0.8289914149890147,
    "w1_mean": 0.5709110360902349,
    "mae_mean_mean": 0.009712783180433204
  },
  "gof_dim_3": {
    "score_mean": 0.8792961384573215,
    "w1_mean": 0.4365676213698611,
    "mae_mean_mean": 0.009898805150764956
  }
}