{
  "high_A": {
    "n": 15,
    "ll_mean": 217348.28536150802,
    "ll_std": 502471.22489654145,
    "aic_mean": -434656.57072301605,
    "aic_std": 1004942.4497930829,
    "bic_mean": -434430.91000674624,
    "bic_std": 1004934.9328649894,
    "br_mean": 0.6095570024722158,
    "br_std": 0.04681961141449341,
    "gof_mean": 0.6089043899546823,
    "gof_std": 0.019691334208444967,
    "gof_pass_4_4": 0,
    "stable": 15
  },
  "high_B": {
    "n": 15,
    "ll_mean": 221764.62815384302,
    "ll_std": 503033.53911306337,
    "aic_mean": -443465.25630768604,
    "aic_std": 1006067.0782261267,
    "bic_mean": -443104.19916165416,
    "bic_std": 1006055.0457036298,
    "br_mean": 0.6078661490389886,
    "br_std": 0.047075521503707876,
    "gof_mean": 0.6064255174048248,
    "gof_std": 0.020698619414496536,
    "gof_pass_4_4": 0,
    "stable": 15
  },
  "high_C": {
    "n": 15,
    "ll_mean": 223833.63089444308,
    "ll_std": 503651.81712013145,
    "aic_mean": -447587.26178888616,
    "aic_std": 1007303.6342402629,
    "bic_mean": -447135.9403563464,
    "bic_std": 1007288.5953487776,
    "br_mean": 0.6075852883289551,
    "br_std": 0.04702287994072465,
    "gof_mean": 0.6073943927047394,
    "gof_std": 0.020544157597880745,
    "gof_pass_4_4": 0,
    "stable": 15
  },
  "mid_A": {
    "n": 15,
    "ll_mean": 863274.0917923836,
    "ll_std": 999039.7500745448,
    "aic_mean": -1726508.1835847672,
    "aic_std": 1998079.5001490896,
    "bic_mean": -1726277.1827903746,
    "bic_std": 1998068.9178959494,
    "br_mean": 0.6825922669332283,
    "br_std": 0.045054518654952795,
    "gof_mean": 0.5681450098161488,
    "gof_std": 0.02285384896865788,
    "gof_pass_4_4": 0,
    "stable": 15
  },
  "mid_B": {
    "n": 15,
    "ll_mean": 868438.4738803933,
    "ll_std": 1001587.0529456985,
    "aic_mean": -1736812.9477607866,
    "aic_std": 2003174.105891397,
    "bic_mean": -1736443.3464897582,
    "bic_std": 2003157.1690741784,
    "br_mean": 0.680636054158667,
    "br_std": 0.044378987991571084,
    "gof_mean": 0.5651307802241216,
    "gof_std": 0.022226496611644348,
    "gof_pass_4_4": 0,
    "stable": 15
  },
  "mid_C": {
    "n": 15,
    "ll_mean": 871894.8153934496,
    "ll_std": 1001638.9650253177,
    "aic_mean": -1743709.6307868992,
    "aic_std": 2003277.9300506355,
    "bic_mean": -1743247.6291981137,
    "bic_std": 2003256.7586569136,
    "br_mean": 0.680175043801655,
    "br_std": 0.044433070880789065,
    "gof_mean": 0.5660617573076504,
    "gof_std": 0.022184733866266553,
    "gof_pass_4_4": 0,
    "stable": 15
  },
  "low_A": {
    "n": 15,
    "ll_mean": 149251.01392798868,
    "ll_std": 249712.53517977128,
    "aic_mean": -298462.02785597736,
    "aic_std": 499425.07035954256,
    "bic_mean": -298241.9303972547,
    "bic_std": 499419.7136244313,
    "br_mean": 0.7586509764264309,
    "br_std": 0.03383928815288956,
    "gof_mean": 0.5424224759639322,
    "gof_std": 0.022483130294515204,
    "gof_pass_4_4": 0,
    "stable": 15
  },
  "low_B": {
    "n": 15,
    "ll_mean": 151508.72305829992,
    "ll_std": 251364.7896278022,
    "aic_mean": -302953.44611659984,
    "aic_std": 502729.5792556044,
    "bic_mean": -302601.2901826437,
    "bic_std": 502721.01522357657,
    "br_mean": 0.7573122495490273,
    "br_std": 0.03372305929600335,
    "gof_mean": 0.5416175365337329,
    "gof_std": 0.022454515319658697,
    "gof_pass_4_4": 0,
    "stable": 15
  },
  "low_C": {
    "n": 15,
    "ll_mean": 155943.02836798542,
    "ll_std": 251418.1284155288,
    "aic_mean": -311806.05673597084,
    "aic_std": 502836.2568310576,
    "bic_mean": -311365.8618185256,
    "bic_std": 502825.546024837,
    "br_mean": 0.7562314477351993,
    "br_std": 0.03339100650826028,
    "gof_mean": 0.540931979823201,
    "gof_std": 0.023385295334997565,
    "gof_pass_4_4": 0,
    "stable": 15
  }
}