{
  "high_A": {
    "n": 15,
    "ll_mean": 217348.2853644084,
    "ll_std": 502471.22489594534,
    "aic_mean": -434656.5707288168,
    "aic_std": 1004942.4497918907,
    "bic_mean": -434430.9100125468,
    "bic_std": 1004934.9328637973,
    "br_mean": 0.6095570014935582,
    "br_std": 0.046819610074940364,
    "gof_mean": 0.6089043906106347,
    "gof_std": 0.01969133571463114,
    "gof_pass_4_4": 0,
    "stable": 15
  },
  "high_B": {
    "n": 15,
    "ll_mean": 221764.62815692602,
    "ll_std": 503033.5391118134,
    "aic_mean": -443465.25631385203,
    "aic_std": 1006067.0782236268,
    "bic_mean": -443104.19916782,
    "bic_std": 1006055.04570113,
    "br_mean": 0.6078661511396849,
    "br_std": 0.04707552210560671,
    "gof_mean": 0.6064255196491779,
    "gof_std": 0.02069861498435598,
    "gof_pass_4_4": 0,
    "stable": 15
  },
  "high_C": {
    "n": 15,
    "ll_mean": 221770.49886185542,
    "ll_std": 503034.43550756946,
    "aic_mean": -443468.99772371084,
    "aic_std": 1006068.8710151389,
    "bic_mean": -443062.8084344249,
    "bic_std": 1006055.334435885,
    "br_mean": 0.6078668010450791,
    "br_std": 0.04707548928586324,
    "gof_mean": 0.6064291151116341,
    "gof_std": 0.020658418648505122,
    "gof_pass_4_4": 0,
    "stable": 15
  },
  "mid_A": {
    "n": 15,
    "ll_mean": 863274.0917952142,
    "ll_std": 999039.7500749232,
    "aic_mean": -1726508.1835904284,
    "aic_std": 1998079.5001498463,
    "bic_mean": -1726277.1827960357,
    "bic_std": 1998068.917896706,
    "br_mean": 0.6825922673050789,
    "br_std": 0.04505451914054901,
    "gof_mean": 0.5681450100769948,
    "gof_std": 0.02285384901202629,
    "gof_pass_4_4": 0,
    "stable": 15
  },
  "mid_B": {
    "n": 15,
    "ll_mean": 868438.4738839197,
    "ll_std": 1001587.0529421621,
    "aic_mean": -1736812.9477678393,
    "aic_std": 2003174.1058843243,
    "bic_mean": -1736443.3464968116,
    "bic_std": 2003157.1690671057,
    "br_mean": 0.6806360539429122,
    "br_std": 0.04437898698006381,
    "gof_mean": 0.5651307802988793,
    "gof_std": 0.022226495799350363,
    "gof_pass_4_4": 0,
    "stable": 15
  },
  "mid_C": {
    "n": 15,
    "ll_mean": 868458.5424487226,
    "ll_std": 1001596.6328482962,
    "aic_mean": -1736845.0848974453,
    "aic_std": 2003193.2656965924,
    "bic_mean": -1736429.2834675387,
    "bic_std": 2003174.2117848275,
    "br_mean": 0.6806357948657547,
    "br_std": 0.0443775734134231,
    "gof_mean": 0.5651171978141717,
    "gof_std": 0.022204898889519455,
    "gof_pass_4_4": 0,
    "stable": 15
  },
  "low_A": {
    "n": 15,
    "ll_mean": 149251.0139493399,
    "ll_std": 249712.5351889836,
    "aic_mean": -298462.0278986798,
    "aic_std": 499425.0703779672,
    "bic_mean": -298241.9304399572,
    "bic_std": 499419.71364285576,
    "br_mean": 0.7586509764241485,
    "br_std": 0.03383928815245493,
    "gof_mean": 0.5424224747772339,
    "gof_std": 0.02248313138148543,
    "gof_pass_4_4": 0,
    "stable": 15
  },
  "low_B": {
    "n": 15,
    "ll_mean": 151508.72307105295,
    "ll_std": 251364.78962995776,
    "aic_mean": -302953.4461421059,
    "aic_std": 502729.5792599155,
    "bic_mean": -302601.29020814964,
    "bic_std": 502721.0152278876,
    "br_mean": 0.7573122493461212,
    "br_std": 0.033723059271770224,
    "gof_mean": 0.5416175342558878,
    "gof_std": 0.022454517256254965,
    "gof_pass_4_4": 0,
    "stable": 15
  },
  "low_C": {
    "n": 15,
    "ll_mean": 151539.39004168,
    "ll_std": 251371.87117301492,
    "aic_mean": -303006.78008336,
    "aic_std": 502743.74234602985,
    "bic_mean": -302610.60465765937,
    "bic_std": 502734.1076657823,
    "br_mean": 0.757315816000498,
    "br_std": 0.03372292834341741,
    "gof_mean": 0.5414319625853808,
    "gof_std": 0.022420409237128878,
    "gof_pass_4_4": 0,
    "stable": 15
  }
}