{
  "A": {
    "model": "A",
    "omega": 3.0,
    "mu": [
      0.09861857165646494,
      0.1369054097282634,
      0.08590920867483778,
      0.12772960075684864
    ],
    "alpha": [
      [
        0.4858861329479168,
        0.008827024652621892,
        0.029842492370493107,
        0.031886885487493286
      ],
      [
        0.01787089060088408,
        0.37195445060551674,
        0.03403156682351762,
        0.00485045698451346
      ],
      [
        0.03046841015182845,
        0.026803294458782087,
        0.4929885470113956,
        0.008021495180410206
      ],
      [
        0.03718726233558636,
        0.003973511312080929,
        0.014284162383909256,
        0.3750780109328823
      ]
    ],
    "loglik": -76215.53086462546,
    "aic": 152471.0617292509,
    "bic": 152641.98802223484,
    "branching_ratio": 0.532324460836908,
    "n_params": 20,
    "n_events": 38037,
    "n_iter": 21,
    "gof_summary": {
      "pass_count": 2,
      "total": 4,
      "all_pass": false,
      "mean_gof_score": 0.8713226045539719
    },
    "gof_details": {
      "0": {
        "n": 9559,
        "mean": 0.9999812058075725,
        "mean_dev": 1.8794192427451506e-05,
        "ks_stat": 0.028554196846022784,
        "ks_pval": 3.326855595388017e-07,
        "w1": 0.1049959453988962,
        "gof_score": 0.7579941041634706,
        "gof_pass": false
      },
      "1": {
        "n": 10228,
        "mean": 0.9999164755425805,
        "mean_dev": 8.352445741954817e-05,
        "ks_stat": 0.010139448004721663,
        "ks_pval": 0.2420895995397222,
        "w1": 0.03113553750873154,
        "gof_score": 0.9875123752135395,
        "gof_pass": true
      },
      "2": {
        "n": 8587,
        "mean": 0.9999756058437974,
        "mean_dev": 2.4394156202589556e-05,
        "ks_stat": 0.042751912694992455,
        "ks_pval": 4.479473093085697e-14,
        "w1": 0.11635834211086356,
        "gof_score": 0.7534469054931736,
        "gof_pass": false
      },
      "3": {
        "n": 9659,
        "mean": 0.99961830198771,
        "mean_dev": 0.00038169801229004374,
        "ks_stat": 0.006105236786529411,
        "ks_pval": 0.8620118993446468,
        "w1": 0.0337757186234509,
        "gof_score": 0.9863370333457038,
        "gof_pass": true
      }
    },
    "elapsed_s": 135.65373921394348,
    "_gof_score": 0.8713226045539719,
    "_gof_pass": "2/4"
  },
  "B": {
    "model": "B",
    "omega": 3.0,
    "mu": [
      0.07911269789824896,
      0.11739632261762682,
      0.06962743362182013,
      0.11119988131121789
    ],
    "alpha": [
      [
        0.45296484084192096,
        0.0003509919549793564,
        0.006045869211509225,
        0.022156807970036645
      ],
      [
        0.005333908878255813,
        0.3603497543666826,
        0.02167210353983253,
        6.2972030712603596e-06
      ],
      [
        0.006924042807987721,
        0.015400366275619191,
        0.45501585806130995,
        0.00018405506009064478
      ],
      [
        0.026510154104551046,
        7.048666950942738e-07,
        0.004342257730718575,
        0.36764394944373047
      ]
    ],
    "loglik": -74470.31058467345,
    "aic": 149004.6211693469,
    "bic": 149278.10323812117,
    "branching_ratio": 0.4659956150954059,
    "n_params": 32,
    "n_events": 38037,
    "n_iter": 300,
    "gof_summary": {
      "pass_count": 3,
      "total": 4,
      "all_pass": false,
      "mean_gof_score": 0.9350884741707074
    },
    "gamma_open": [
      0.2576861779517755,
      0.1441687977121277,
      0.2528666361411813,
      0.11706770089837296
    ],
    "gamma_mid": [
      -0.003460050439558243,
      0.0010690259300282778,
      -0.005336284955248627,
      0.004954518211981188
    ],
    "gamma_close": [
      0.031411018017487746,
      0.08333406532892719,
      0.020417150804567588,
      0.06575351848531291
    ],
    "mu_periods": [
      [
        0.33679887585002444,
        0.07565264745869071,
        0.1105237159157367,
        0.07911269789824896
      ],
      [
        0.26156512032975454,
        0.1184653485476551,
        0.200730387946554,
        0.11739632261762682
      ],
      [
        0.32249406976300143,
        0.0642911486665715,
        0.09004458442638771,
        0.06962743362182013
      ],
      [
        0.22826758220959084,
        0.11615439952319907,
        0.1769533997965308,
        0.11119988131121789
      ]
    ],
    "gof_details": {
      "0": {
        "n": 9559,
        "mean": 1.0000864669063059,
        "mean_dev": 8.646690630587095e-05,
        "ks_stat": 0.011192518753280034,
        "ks_pval": 0.18086112799448584,
        "w1": 0.03972339159123307,
        "gof_score": 0.9840760566009845,
        "gof_pass": true
      },
      "1": {
        "n": 10228,
        "mean": 1.0000037902983605,
        "mean_dev": 3.7902983605064833e-06,
        "ks_stat": 0.006929866431943363,
        "ks_pval": 0.7070993849920792,
        "w1": 0.022022873750350433,
        "gof_score": 0.9911893343805156,
        "gof_pass": true
      },
      "2": {
        "n": 8587,
        "mean": 0.999989239196425,
        "mean_dev": 1.076080357498288e-05,
        "ks_stat": 0.02194885147594161,
        "ks_pval": 0.0005025730848658145,
        "w1": 0.05613071402216317,
        "gof_score": 0.7775434100697047,
        "gof_pass": false
      },
      "3": {
        "n": 9659,
        "mean": 0.9995156957631194,
        "mean_dev": 0.0004843042368806172,
        "ks_stat": 0.007241285485719701,
        "ks_pval": 0.6888908487917655,
        "w1": 0.030652956684057514,
        "gof_score": 0.9875450956316247,
        "gof_pass": true
      }
    },
    "elapsed_s": 342.19105863571167,
    "_gof_score": 0.9350884741707074,
    "_gof_pass": "3/4"
  },
  "C": {
    "model": "C",
    "omega": 3.0,
    "mu": [
      0.027904009305373553,
      0.10791122396339041,
      0.0024844437278544323,
      0.09959656798439312
    ],
    "alpha": [
      [
        0.4480223060148865,
        4.8237315051262475e-05,
        0.000694643044782397,
        0.021621282852895427
      ],
      [
        0.004872219124975726,
        0.36013594886279204,
        0.02086446955114104,
        3.0608461053267275e-06
      ],
      [
        0.002921373535719152,
        0.014172466032023621,
        0.4449481189358701,
        5.4374977333032215e-17
      ],
      [
        0.02589695575750256,
        5.460178011770073e-07,
        0.003349211513165571,
        0.3674604224721706
      ]
    ],
    "loglik": -73861.5055373133,
    "aic": 147795.0110746266,
    "bic": 148102.67840199763,
    "branching_ratio": 0.4551901929687071,
    "n_params": 36,
    "n_events": 38037,
    "n_iter": 300,
    "gof_summary": {
      "pass_count": 4,
      "total": 4,
      "all_pass": true,
      "mean_gof_score": 0.9893216975061113
    },
    "gamma_open": [
      0.24178097076115823,
      0.14140428148202333,
      0.23113532924253843,
      0.11365959922136865
    ],
    "gamma_mid": [
      0.016301793603305734,
      0.004832052260657804,
      0.020113582551266152,
      0.009530887663205798
    ],
    "gamma_close": [
      0.04053129572342319,
      0.08520303868606584,
      0.032595432660173555,
      0.06796835164604695
    ],
    "mu_periods": [
      [
        0.2696849800665318,
        0.04420580290867929,
        0.06843530502879674,
        0.027904009305373553
      ],
      [
        0.24931550544541375,
        0.11274327622404821,
        0.19311426264945625,
        0.10791122396339041
      ],
      [
        0.23361977297039288,
        0.022598026279120585,
        0.03507987638802799,
        0.0024844437278544323
      ],
      [
        0.21325616720576177,
        0.10912745564759892,
        0.16756491963044007,
        0.09959656798439312
      ]
    ],
    "gamma_spread": [
      0.09344304359671368,
      0.01698587419664986,
      0.12302100840460951,
      0.0207891845250653
    ],
    "x_shift": -0.5557533564601724,