{
  "A": {
    "model": "A",
    "omega": 3.0,
    "mu": [
      0.18512977509552528
    ],
    "alpha": [
      [
        0.5966427462664825
      ]
    ],
    "loglik": -37576.81678837855,
    "aic": 75157.6335767571,
    "bic": 75174.44488837552,
    "branching_ratio": 0.5966427462664825,
    "n_params": 2,
    "n_events": 33046,
    "n_iter": 2,
    "gof_summary": {
      "pass_count": 0,
      "total": 1,
      "all_pass": false,
      "mean_gof_score": 0.7601291638706478
    },
    "gof_details": {
      "0": {
        "n": 33045,
        "mean": 0.9999683181611564,
        "mean_dev": 3.168183884361131e-05,
        "ks_stat": 0.02225773368239159,
        "ks_pval": 1.1849292498772473e-14,
        "w1": 0.0996454084845368,
        "gof_score": 0.7601291638706478,
        "gof_pass": false
      }
    },
    "elapsed_s": 0.9624509811401367,
    "_gof_score": 0.7601291638706478,
    "_gof_pass": "0/1"
  },
  "B": {
    "model": "B",
    "omega": 3.0,
    "mu": [
      0.13199829335004473
    ],
    "alpha": [
      [
        0.563711272848025
      ]
    ],
    "loglik": -36206.5743703586,
    "aic": 72423.1487407172,
    "bic": 72465.17701976324,
    "branching_ratio": 0.563711272848025,
    "n_params": 5,
    "n_events": 33046,
    "n_iter": 2,
    "gof_summary": {
      "pass_count": 0,
      "total": 1,
      "all_pass": false,
      "mean_gof_score": 0.7709413716574189
    },
    "gamma_open": [
      0.3624079745955192
    ],
    "gamma_mid": [
      0.06883838719985322
    ],
    "gamma_close": [
      0.1147225444558437
    ],
    "mu_periods": [
      [
        0.4944062679455639,
        0.20083668054989795,
        0.24672083780588844,
        0.13199829335004473
      ]
    ],
    "gof_details": {
      "0": {
        "n": 33045,
        "mean": 1.000062466357272,
        "mean_dev": 6.246635727191752e-05,
        "ks_stat": 0.01000956300037592,
        "ks_pval": 0.0026444944263999564,
        "w1": 0.0725841044991806,
        "gof_score": 0.7709413716574189,
        "gof_pass": false
      }
    },
    "elapsed_s": 1.0358984470367432,
    "_gof_score": 0.7709413716574189,
    "_gof_pass": "0/1"
  },
  "C": {
    "model": "C",
    "omega": 3.0,
    "mu": [
      0.029005841119689024
    ],
    "alpha": [
      [
        0.552223015469126
      ]
    ],
    "loglik": -35302.73345537511,
    "aic": 70617.46691075023,
    "bic": 70667.90084560549,
    "branching_ratio": 0.552223015469126,
    "n_params": 6,
    "n_events": 33046,
    "n_iter": 83,
    "gof_summary": {
      "pass_count": 1,
      "total": 1,
      "all_pass": true,
      "mean_gof_score": 0.9907916593457278
    },
    "gamma_open": [
      0.2913147103553226
    ],
    "gamma_mid": [
      0.05250871488766064
    ],
    "gamma_close": [
      0.09792665625752396
    ],
    "mu_periods": [
      [
        0.3203205514750116,
        0.08151455600734966,
        0.126932497377213,
        0.029005841119689024
      ]
    ],
    "gamma_spread": [
      0.15161776532736174
    ],
    "x_shift": -0.7999993369460037,
    "gof_details": {
      "0": {
        "n": 33045,
        "mean": 1.0000556989685117,
        "mean_dev": 5.569896851165268e-05,
        "ks_stat": 0.003305906405545622,
        "ks_pval": 0.8617960700078181,
        "w1": 0.022965152667168982,
        "gof_score": 0.9907916593457278,
        "gof_pass": true
      }
    },
    "elapsed_s": 1.6594305038452148,
    "_gof_score": 0.9907916593457278,
    "_gof_pass": "1/1"
  },
  "comparison": {
    "LL_B_minus_A": 1370.2424180199523,
    "LL_C_minus_B": 903.8409149834843,
    "LL_monotonic": true,
    "AIC_best": "C",
    "BIC_best": "C"
  },
  "true_params": {
    "mu": [
      0.15
    ],
    "alpha": [
      [
        0.55
      ]
    ],
    "gamma_open": [
      0.3
    ],
    "gamma_mid": [
      0.05
    ],
    "gamma_close": [
      0.1
    ],
    "gamma_spread": [
      0.15
    ]
  }
}