{
  "high": {
    "n_stocks": 16,
    "n_successful": 15,
    "branching_ratio_mean": 0.8998392840756464,
    "branching_ratio_std": 0.03692481961028159,
    "decay_mean": 10.0,
    "stable_ratio": 1.0,
    "gof_pass_ratio": 0.4666666666666667,
    "gof_score_mean": 0.8584722674774586,
    "wasserstein_mean": 0.398097577797118,
    "qq_mae_mean": 0.3411921671656757
  },
  "mid": {
    "n_stocks": 16,
    "n_successful": 15,
    "branching_ratio_mean": 0.9436127057016067,
    "branching_ratio_std": 0.020019465165846916,
    "decay_mean": 10.0,
    "stable_ratio": 1.0,
    "gof_pass_ratio": 0.5333333333333333,
    "gof_score_mean": 0.8533961048071423,
    "wasserstein_mean": 0.5263465345509994,
    "qq_mae_mean": 0.4299802265847192
  },
  "low": {
    "n_stocks": 16,
    "n_successful": 15,
    "branching_ratio_mean": 0.9686564099216773,
    "branching_ratio_std": 0.008810491250171228,
    "decay_mean": 10.0,
    "stable_ratio": 1.0,
    "gof_pass_ratio": 0.4666666666666667,
    "gof_score_mean": 0.8421459540257826,
    "wasserstein_mean": 0.6050720969563133,
    "qq_mae_mean": 0.4685217409311536
  }
}