{
  "group": "mid",
  "model": "B",
  "n_stocks": 15,
  "n_success": 15,
  "n_fail": 0,
  "branching_ratio": {
    "mean": 0.7301447741824899,
    "std": 0.0492012522328739,
    "min": 0.6640688842018796,
    "max": 0.8328290120149369,
    "all_stable": true
  },
  "beta": {
    "mean": 10.0,
    "std": 0.0
  },
  "gof": {
    "score_mean": 0.8381028029736937,
    "all_pass_count": 8
  },
  "mu_mean": [
    0.14521588735345636,
    0.2878308324595628,
    0.1393945045311706,
    0.27592914287756615
  ],
  "A_mean": [
    [
      0.7237440482069997,
      4.85062261588145e-21,
      4.297726829944265e-26,
      0.01018511143990652
    ],
    [
      0.00013898687080776456,
      0.5928559356067175,
      0.01117767812840968,
      9.202006202888523e-05
    ],
    [
      1.1679816184722008e-25,
      0.01756777500002543,
      0.7118037294461199,
      2.865450248490865e-20
    ],
    [
      0.018792581508701403,
      0.0009737125694903921,
      0.00072548157406662,
      0.6137201085054167
    ]
  ],
  "gamma_open_mean": [
    0.7402708706547095,
    0.5671038886793592,
    0.7844175832721075,
    0.5208025079620042
  ],
  "gamma_mid_mean": [
    0.025738969592519083,
    0.0062090286288799664,
    -0.04705443759372033,
    0.006407529846640049
  ],
  "gamma_close_mean": [
    -0.03006267717025706,
    0.13407325585762392,
    0.021931784153832443,
    0.05835202741587626
  ],
  "gof_dim_0": {
    "score_mean": 0.8038491901414626,
    "w1_mean": 0.6766756117273682,
    "mae_mean_mean": 0.0009037420496800082
  },
  "gof_dim_1": {
    "score_mean": 0.8597832667843207,
    "w1_mean": 0.40609354717277985,
    "mae_mean_mean": 0.0005617693655876869
  },
  "gof_dim_2": {
    "score_mean": 0.8268355705006948,
    "w1_mean": 0.6458505307930208,
    "mae_mean_mean": 0.0004517461177966512
  },
  "gof_dim_3": {
    "score_mean": 0.861943184468297,
    "w1_mean": 0.4440706467085211,
    "mae_mean_mean": 0.0003860945393361052
  }
}