{
  "group": "low",
  "model": "A",
  "n_stocks": 15,
  "n_success": 15,
  "n_fail": 0,
  "branching_ratio": {
    "mean": 0.801303138319753,
    "std": 0.03319911956195227,
    "min": 0.7536207716280108,
    "max": 0.8773875291447308,
    "all_stable": true
  },
  "beta": {
    "mean": 10.0,
    "std": 0.0
  },
  "gof": {
    "score_mean": 0.8424906916364611,
    "all_pass_count": 8
  },
  "mu_mean": [
    0.03553763042842347,
    0.30849524452732363,
    0.029378877762279577,
    0.2616505616877711
  ],
  "A_mean": [
    [
      0.7868829465695398,
      2.0145398403989575e-22,
      2.4612114578843716e-27,
      0.0009911007406526932
    ],
    [
      1.6084404285919325e-06,
      0.45146648277117235,
      0.0015837695518467164,
      0.0003981414631974628
    ],
    [
      1.780853770980065e-17,
      0.002084307624782468,
      0.7922951919029513,
      2.331451512027964e-25
    ],
    [
      0.003180126495905865,
      0.004074963582838913,
      1.3634584459184224e-05,
      0.5247609181621875
    ]
  ],
  "gof_dim_0": {
    "score_mean": 0.8222596152703744,
    "w1_mean": 0.8672457664720004,
    "mae_mean_mean": 0.00039022626370230904
  },
  "gof_dim_1": {
    "score_mean": 0.8811068434188243,
    "w1_mean": 0.2312130200654229,
    "mae_mean_mean": 2.435240490492596e-05
  },
  "gof_dim_2": {
    "score_mean": 0.7884435873386825,
    "w1_mean": 0.9187268588264452,
    "mae_mean_mean": 0.00036586903095881716
  },
  "gof_dim_3": {
    "score_mean": 0.8781527205179623,
    "w1_mean": 0.31847331907653437,
    "mae_mean_mean": 5.953811121360471e-05
  }
}